port,position,rx_queue_eth0,rx_queue_eth1,processed_share_cpu0,processed_share_cpu1,processed_share_cpu2,processed_share_cpu3,sent_mbps,received_mbps,nic_rx_drops_eth0,nic_rx_drops_eth1,softirq_pct_cpu0,softirq_pct_cpu1,softirq_pct_cpu2,softirq_pct_cpu3,cake_ingress_drops
40000,1,3,1,0.2155,0.7844,0.0000,0.0000,1951.6,1950.4,0,0,,,,,
40001,2,1,2,0.0002,0.0000,0.7768,0.2230,1915.7,1914.7,0,0,,,,,
40002,3,0,0,0.7538,0.2461,0.0000,0.0001,1922.6,1922.5,0,0,,,,,
40003,4,2,3,0.0002,0.0000,0.2294,0.7704,1904.3,1903.2,0,0,,,,,
40004,5,2,3,0.0003,0.0000,0.2185,0.7812,1935.5,1935.1,0,0,,,,,
40005,6,0,0,0.7713,0.2286,0.0000,0.0000,1877.6,1876.4,0,0,,,,,
40006,7,1,2,0.0002,0.0001,0.7620,0.2377,1899.9,1898.4,0,0,,,,,
40007,8,3,1,0.2287,0.7712,0.0000,0.0001,1905.8,1904.7,0,0,,,,,
40008,9,3,0,0.7636,0.0001,0.0000,0.2363,1934.4,1933.2,0,0,,,,,
40009,10,1,3,0.2256,0.0001,0.0000,0.7743,1903.7,1902.1,0,0,,,,,
40010,11,0,1,0.0002,0.7814,0.2181,0.0002,1892.0,1889.7,0,0,,,,,
40011,12,2,2,0.0002,0.2205,0.7788,0.0005,1895.8,1895.0,0,0,,,,,
40012,13,2,2,0.0004,0.2293,0.7700,0.0002,1900.0,1898.6,0,0,,,,,
40013,14,0,1,0.0002,0.7618,0.2379,0.0001,1902.8,1901.7,0,0,,,,,
40014,15,1,3,0.2130,0.0000,0.0000,0.7870,1930.5,1928.8,0,0,,,,,
40015,16,3,0,0.7607,0.0001,0.0002,0.2390,1911.9,1910.5,0,0,,,,,
40016,17,3,3,0.0002,0.2306,0.0000,0.7692,1930.0,1928.8,0,0,,,,,
40017,18,1,0,0.7625,0.0001,0.2373,0.0002,1921.4,1920.2,0,0,,,,,
40018,19,0,2,0.2268,0.0001,0.7731,0.0001,1944.2,1943.2,0,0,,,,,
40019,20,2,1,0.0005,0.7796,0.0000,0.2199,1897.1,1896.1,0,0,,,,,
40020,21,2,1,0.0002,0.7581,0.0001,0.2416,1936.1,1934.9,0,0,,,,,
40021,22,0,2,0.2308,0.0001,0.7689,0.0002,1895.2,1894.0,0,0,,,,,
40022,23,1,0,0.7708,0.0000,0.2288,0.0004,1907.1,1905.7,0,0,,,,,
40023,24,3,3,0.0002,0.2266,0.0000,0.7732,1874.4,1873.2,0,0,,,,,
40024,25,3,2,0.0004,0.0000,0.9995,0.0001,1669.4,1667.9,0,0,,,,,
40025,26,1,1,0.0002,0.9996,0.0000,0.0002,1694.6,1694.1,0,0,,,,,
40026,27,0,3,0.0002,0.0000,0.0000,0.9998,1660.3,1658.9,0,0,,,,,
40027,28,2,0,0.9999,0.0000,0.0000,0.0000,1631.9,1630.0,0,0,,,,,
40028,29,2,0,0.9998,0.0000,0.0000,0.0002,1660.4,1659.8,0,0,,,,,
40029,30,0,3,0.0002,0.0000,0.0000,0.9997,1678.3,1678.0,0,0,,,,,
40030,31,1,1,0.0002,0.9997,0.0000,0.0000,1715.1,1714.5,0,0,,,,,
40031,32,3,2,0.0002,0.0000,0.9997,0.0001,1644.7,1643.4,0,0,,,,,
40032,33,3,2,0.0002,0.0000,0.9998,0.0000,1648.0,1647.6,0,0,,,,,
40033,34,1,1,0.0002,0.9996,0.0001,0.0001,1635.9,1634.8,0,0,,,,,
40034,35,0,3,0.0002,0.0001,0.0000,0.9996,1631.5,1630.4,0,0,,,,,
40035,36,2,0,0.9997,0.0001,0.0002,0.0000,1662.0,1661.4,0,0,,,,,
40036,37,2,0,0.9999,0.0000,0.0000,0.0000,1665.5,1664.6,0,0,,,,,
40037,38,0,3,0.0002,0.0000,0.0000,0.9998,1662.3,1661.9,0,0,,,,,
40038,39,1,1,0.0002,0.9997,0.0001,0.0000,1637.5,1635.9,0,0,,,,,
40039,40,3,2,0.0002,0.0000,0.9998,0.0000,1667.7,1667.1,0,0,,,,,
40040,41,3,3,0.0001,0.2256,0.0000,0.7743,1875.0,1873.0,0,0,,,,,
40041,42,1,0,0.7637,0.0000,0.2362,0.0000,1921.7,1920.6,0,0,,,,,
40042,43,0,2,0.2255,0.0000,0.7744,0.0000,1916.4,1914.9,0,0,,,,,
40043,44,2,1,0.0002,0.7727,0.0000,0.2271,1913.5,1912.8,0,0,,,,,
40044,45,2,1,0.0001,0.7643,0.0000,0.2356,1884.5,1883.9,0,0,,,,,
40045,46,0,2,0.2267,0.0000,0.7733,0.0000,1908.8,1908.0,0,0,,,,,
40046,47,1,0,0.7775,0.0000,0.2224,0.0000,1866.0,1864.3,0,0,,,,,
40047,48,3,3,0.0001,0.2204,0.0000,0.7795,1888.1,1886.6,0,0,,,,,
40048,49,3,0,0.7680,0.0000,0.0000,0.2319,1885.5,1884.3,0,0,,,,,
40049,50,1,3,0.2335,0.0001,0.0000,0.7665,1858.2,1856.9,0,0,,,,,
40050,51,0,1,0.0002,0.7809,0.2188,0.0000,1860.6,1859.0,0,0,,,,,
40051,52,2,2,0.0002,0.2253,0.7745,0.0000,1858.3,1857.1,0,0,,,,,
40052,53,2,2,0.0002,0.2277,0.7720,0.0000,1880.3,1879.1,0,0,,,,,
40053,54,0,1,0.0001,0.7730,0.2269,0.0000,1843.4,1842.2,0,0,,,,,
40054,55,1,3,0.2323,0.0000,0.0000,0.7677,1894.9,1894.0,0,0,,,,,
40055,56,3,0,0.7853,0.0000,0.0000,0.2147,1888.9,1885.6,0,0,,,,,
40056,57,3,1,0.2350,0.7650,0.0001,0.0000,1905.3,1904.2,0,0,,,,,
40057,58,1,2,0.0001,0.0000,0.7841,0.2157,1842.9,1840.9,0,0,,,,,
40058,59,0,0,0.7629,0.2370,0.0000,0.0001,1885.6,1884.5,0,0,,,,,
40059,60,2,3,0.0002,0.0000,0.2299,0.7699,1895.8,1894.6,0,0,,,,,
40060,61,2,3,0.0001,0.0001,0.2176,0.7822,1916.9,1915.6,0,0,,,,,
40061,62,0,0,0.7674,0.2325,0.0000,0.0000,1903.1,1902.6,0,0,,,,,
40062,63,1,2,0.0002,0.0000,0.7697,0.2301,1913.6,1912.2,0,0,,,,,
40063,64,3,1,0.2383,0.7616,0.0000,0.0000,1871.1,1869.2,0,0,,,,,
